id	directions_proven	argument_schema_recovered	panel_applicability	ghidra_evidence_locator	confidence
1	both	packed_feature:u32=(display_id<<12)|base_id; base_id=packed&0xfff; display_id=packed>>12 | set values:u32* count:u32 count>=1 -> SetDisplayPanelPower; count-forwarded | get out:std::vector<u32>* -> GetDisplayPanelPower	packed display id decoded; no range check recovered; per-handler panel enforcement unknown	project:i30-dpf-live:/dpf-live-b244b0bb-service:setDisplayPanelFeatureValue@001253cc:jump-table@001081d4:id=1;project:i30-dpf-live:/dpf-live-b244b0bb-service:getDisplayPanelFeatureValue@00125de4:jump-table@001083e6:id=1	direction=high;packing=high;handler-schema=medium;panel=unknown
2	both	packed_feature:u32=(display_id<<12)|base_id; base_id=packed&0xfff; display_id=packed>>12 | set values:u32* count:u32 count>=1 -> SetDisplayPanelPower; count-forwarded | get out:std::vector<u32>* -> GetDisplayPanelPower	packed display id decoded; no range check recovered; per-handler panel enforcement unknown	project:i30-dpf-live:/dpf-live-b244b0bb-service:setDisplayPanelFeatureValue@001253cc:jump-table@001081d6:id=2;project:i30-dpf-live:/dpf-live-b244b0bb-service:getDisplayPanelFeatureValue@00125de4:jump-table@001083e8:id=2	direction=high;packing=high;handler-schema=medium;panel=unknown
3	both	packed_feature:u32=(display_id<<12)|base_id; base_id=packed&0xfff; display_id=packed>>12 | set values:u32* count:u32 count>=1 -> SetDisplayPanelPower; count-forwarded | get out:std::vector<u32>* -> GetDisplayPanelPower	packed display id decoded; no range check recovered; per-handler panel enforcement unknown	project:i30-dpf-live:/dpf-live-b244b0bb-service:setDisplayPanelFeatureValue@001253cc:jump-table@001081d8:id=3;project:i30-dpf-live:/dpf-live-b244b0bb-service:getDisplayPanelFeatureValue@00125de4:jump-table@001083ea:id=3	direction=high;packing=high;handler-schema=medium;panel=unknown
4	both	packed_feature:u32=(display_id<<12)|base_id; base_id=packed&0xfff; display_id=packed>>12 | set values:u32* count:u32 count>=1 -> SetDisplayPanelSeed; count-forwarded | get out:std::vector<u32>* -> GetDisplayPanelSeed	packed display id decoded; no range check recovered; per-handler panel enforcement unknown	project:i30-dpf-live:/dpf-live-b244b0bb-service:setDisplayPanelFeatureValue@001253cc:jump-table@001081da:id=4;project:i30-dpf-live:/dpf-live-b244b0bb-service:getDisplayPanelFeatureValue@00125de4:jump-table@001083ec:id=4	direction=high;packing=high;handler-schema=medium;panel=unknown
5	get	packed_feature:u32=(display_id<<12)|base_id; base_id=packed&0xfff; display_id=packed>>12 | get out:std::vector<u32>* -> GetDisplayPanelId	packed display id decoded; no range check recovered; per-handler panel enforcement unknown	project:i30-dpf-live:/dpf-live-b244b0bb-service:getDisplayPanelFeatureValue@00125de4:jump-table@001083ee:id=5	direction=high;packing=high;handler-schema=medium;panel=unknown
6	both	packed_feature:u32=(display_id<<12)|base_id; base_id=packed&0xfff; display_id=packed>>12 | set values:u32* count:u32 count>=1 -> SetDisplayPanelFfl; count-forwarded | get out:std::vector<u32>* -> GetDisplayPanelFfl	packed display id decoded; no range check recovered; per-handler panel enforcement unknown	project:i30-dpf-live:/dpf-live-b244b0bb-service:setDisplayPanelFeatureValue@001253cc:jump-table@001081de:id=6;project:i30-dpf-live:/dpf-live-b244b0bb-service:getDisplayPanelFeatureValue@00125de4:jump-table@001083f0:id=6	direction=high;packing=high;handler-schema=medium;panel=unknown
7	both	packed_feature:u32=(display_id<<12)|base_id; base_id=packed&0xfff; display_id=packed>>12 | set values:u32* count:u32 count>=1 -> SetDisplayPanelAod; count-forwarded | get out:std::vector<u32>* -> GetDisplayPanelAod	packed display id decoded; no range check recovered; per-handler panel enforcement unknown	project:i30-dpf-live:/dpf-live-b244b0bb-service:setDisplayPanelFeatureValue@001253cc:jump-table@001081e0:id=7;project:i30-dpf-live:/dpf-live-b244b0bb-service:getDisplayPanelFeatureValue@00125de4:jump-table@001083f2:id=7	direction=high;packing=high;handler-schema=medium;panel=unknown
8	both	packed_feature:u32=(display_id<<12)|base_id; base_id=packed&0xfff; display_id=packed>>12 | set values:u32* count:u32 count>=1 -> SetDisplayPanelMaxBrightness; count-forwarded | get out:std::vector<u32>* -> GetDisplayPanelMaxBrightness	packed display id decoded; no range check recovered; per-handler panel enforcement unknown	project:i30-dpf-live:/dpf-live-b244b0bb-service:setDisplayPanelFeatureValue@001253cc:jump-table@001081e2:id=8;project:i30-dpf-live:/dpf-live-b244b0bb-service:getDisplayPanelFeatureValue@00125de4:jump-table@001083f4:id=8	direction=high;packing=high;handler-schema=medium;panel=unknown
10	get	packed_feature:u32=(display_id<<12)|base_id; base_id=packed&0xfff; display_id=packed>>12 | get out:std::vector<u32>* -> GetDisplayPanelCCDCheck	packed display id decoded; no range check recovered; per-handler panel enforcement unknown	project:i30-dpf-live:/dpf-live-b244b0bb-service:getDisplayPanelFeatureValue@00125de4:jump-table@001083f8:id=10	direction=high;packing=high;handler-schema=medium;panel=unknown
12	both	packed_feature:u32=(display_id<<12)|base_id; base_id=packed&0xfff; display_id=packed>>12 | set values:u32* count:u32 count>=1 -> SetDisplayPanelHBM; count-forwarded | get out:std::vector<u32>* -> GetDisplayPanelHBM	packed display id decoded; no range check recovered; per-handler panel enforcement unknown	project:i30-dpf-live:/dpf-live-b244b0bb-service:setDisplayPanelFeatureValue@001253cc:jump-table@001081ea:id=12;project:i30-dpf-live:/dpf-live-b244b0bb-service:getDisplayPanelFeatureValue@00125de4:jump-table@001083fc:id=12	direction=high;packing=high;handler-schema=medium;panel=unknown
13	both	packed_feature:u32=(display_id<<12)|base_id; base_id=packed&0xfff; display_id=packed>>12 | set values:u32* count:u32 count>=1 -> SetDisplayPanelDimAlpha; count-forwarded | get out:std::vector<u32>* -> GetDisplayPanelDimAlpha	packed display id decoded; no range check recovered; per-handler panel enforcement unknown	project:i30-dpf-live:/dpf-live-b244b0bb-service:setDisplayPanelFeatureValue@001253cc:jump-table@001081ec:id=13;project:i30-dpf-live:/dpf-live-b244b0bb-service:getDisplayPanelFeatureValue@00125de4:jump-table@001083fe:id=13	direction=high;packing=high;handler-schema=medium;panel=unknown
14	both	packed_feature:u32=(display_id<<12)|base_id; base_id=packed&0xfff; display_id=packed>>12 | set values:u32* count:u32 count>=1 -> SetDisplayPanelDimDCAlpha; count-forwarded | get out:std::vector<u32>* -> GetDisplayPanelDimDCAlpha	packed display id decoded; no range check recovered; per-handler panel enforcement unknown	project:i30-dpf-live:/dpf-live-b244b0bb-service:setDisplayPanelFeatureValue@001253cc:jump-table@001081ee:id=14;project:i30-dpf-live:/dpf-live-b244b0bb-service:getDisplayPanelFeatureValue@00125de4:jump-table@00108400:id=14	direction=high;packing=high;handler-schema=medium;panel=unknown
15	set	packed_feature:u32=(display_id<<12)|base_id; base_id=packed&0xfff; display_id=packed>>12 | set values:u32* count:u32 count>=1 -> SetDisplayPanelAudioReady; first-value/pointer	packed display id decoded; no range check recovered; per-handler panel enforcement unknown	project:i30-dpf-live:/dpf-live-b244b0bb-service:setDisplayPanelFeatureValue@001253cc:jump-table@001081f0:id=15	direction=high;packing=high;handler-schema=medium;panel=unknown
16	get	packed_feature:u32=(display_id<<12)|base_id; base_id=packed&0xfff; display_id=packed>>12 | get out:std::vector<u32>* -> GetDisplayPanelDumpInfo	packed display id decoded; no range check recovered; per-handler panel enforcement unknown	project:i30-dpf-live:/dpf-live-b244b0bb-service:getDisplayPanelFeatureValue@00125de4:jump-table@00108404:id=16	direction=high;packing=high;handler-schema=medium;panel=unknown
17	get	packed_feature:u32=(display_id<<12)|base_id; base_id=packed&0xfff; display_id=packed>>12 | get out:std::vector<u32>* -> GetDisplayPanelDSC	packed display id decoded; no range check recovered; per-handler panel enforcement unknown	project:i30-dpf-live:/dpf-live-b244b0bb-service:getDisplayPanelFeatureValue@00125de4:jump-table@00108406:id=17	direction=high;packing=high;handler-schema=medium;panel=unknown
18	both	packed_feature:u32=(display_id<<12)|base_id; base_id=packed&0xfff; display_id=packed>>12 | set values:u32* count:u32 count>=1 -> SetDisplayPanelPowerStatus; first-value/pointer | get out:std::vector<u32>* -> GetDisplayPanelPowerStatus	packed display id decoded; no range check recovered; per-handler panel enforcement unknown	project:i30-dpf-live:/dpf-live-b244b0bb-service:setDisplayPanelFeatureValue@001253cc:jump-table@001081f6:id=18;project:i30-dpf-live:/dpf-live-b244b0bb-service:getDisplayPanelFeatureValue@00125de4:jump-table@00108408:id=18	direction=high;packing=high;handler-schema=medium;panel=unknown
19	set	packed_feature:u32=(display_id<<12)|base_id; base_id=packed&0xfff; display_id=packed>>12 | set values:u32* count:u32 count>=1 -> SetDisplayPanelRC; first-value/pointer	packed display id decoded; no range check recovered; per-handler panel enforcement unknown	project:i30-dpf-live:/dpf-live-b244b0bb-service:setDisplayPanelFeatureValue@001253cc:jump-table@001081f8:id=19	direction=high;packing=high;handler-schema=medium;panel=unknown
20	both	packed_feature:u32=(display_id<<12)|base_id; base_id=packed&0xfff; display_id=packed>>12 | set values:u32* count:u32 count>=1 -> SetDisplayPanelCloseBLFlag; first-value/pointer | get out:std::vector<u32>* -> GetDisplayPanelCloseBLFlag	packed display id decoded; no range check recovered; per-handler panel enforcement unknown	project:i30-dpf-live:/dpf-live-b244b0bb-service:setDisplayPanelFeatureValue@001253cc:jump-table@001081fa:id=20;project:i30-dpf-live:/dpf-live-b244b0bb-service:getDisplayPanelFeatureValue@00125de4:jump-table@0010840c:id=20	direction=high;packing=high;handler-schema=medium;panel=unknown
21	both	packed_feature:u32=(display_id<<12)|base_id; base_id=packed&0xfff; display_id=packed>>12 | set values:u32* count:u32 count>=1 -> SetDisplayPanelReg; count-forwarded | get out:std::vector<u32>* -> GetDisplayPanelReg	packed display id decoded; no range check recovered; per-handler panel enforcement unknown	project:i30-dpf-live:/dpf-live-b244b0bb-service:setDisplayPanelFeatureValue@001253cc:jump-table@001081fc:id=21;project:i30-dpf-live:/dpf-live-b244b0bb-service:getDisplayPanelFeatureValue@00125de4:jump-table@0010840e:id=21	direction=high;packing=high;handler-schema=medium;panel=unknown
22	both	packed_feature:u32=(display_id<<12)|base_id; base_id=packed&0xfff; display_id=packed>>12 | set values:u32* count:u32 count>=1 -> SetDisplayPanelDimlayHBM; first-value/pointer | get out:std::vector<u32>* -> GetDisplayPanelDimlayHBM	packed display id decoded; no range check recovered; per-handler panel enforcement unknown	project:i30-dpf-live:/dpf-live-b244b0bb-service:setDisplayPanelFeatureValue@001253cc:jump-table@001081fe:id=22;project:i30-dpf-live:/dpf-live-b244b0bb-service:getDisplayPanelFeatureValue@00125de4:jump-table@00108410:id=22	direction=high;packing=high;handler-schema=medium;panel=unknown
23	both	packed_feature:u32=(display_id<<12)|base_id; base_id=packed&0xfff; display_id=packed>>12 | set values:u32* count:u32 count>=1 -> SetDisplayPanelDimlayerBLEN; first-value/pointer | get out:std::vector<u32>* -> GetDisplayPanelDimlayerBLEN	packed display id decoded; no range check recovered; per-handler panel enforcement unknown	project:i30-dpf-live:/dpf-live-b244b0bb-service:setDisplayPanelFeatureValue@001253cc:jump-table@00108200:id=23;project:i30-dpf-live:/dpf-live-b244b0bb-service:getDisplayPanelFeatureValue@00125de4:jump-table@00108412:id=23	direction=high;packing=high;handler-schema=medium;panel=unknown
24	set	packed_feature:u32=(display_id<<12)|base_id; base_id=packed&0xfff; display_id=packed>>12 | set values:u32* count:u32 count>=1 -> SetDisplayPanelBlank; first-value/pointer	packed display id decoded; no range check recovered; per-handler panel enforcement unknown	project:i30-dpf-live:/dpf-live-b244b0bb-service:setDisplayPanelFeatureValue@001253cc:jump-table@00108202:id=24	direction=high;packing=high;handler-schema=medium;panel=unknown
25	both	packed_feature:u32=(display_id<<12)|base_id; base_id=packed&0xfff; display_id=packed>>12 | set values:u32* count:u32 count>=1 -> SetDisplayPanelSpr; first-value/pointer | get out:std::vector<u32>* -> GetDisplayPanelSpr	packed display id decoded; no range check recovered; per-handler panel enforcement unknown	project:i30-dpf-live:/dpf-live-b244b0bb-service:setDisplayPanelFeatureValue@001253cc:jump-table@00108204:id=25;project:i30-dpf-live:/dpf-live-b244b0bb-service:getDisplayPanelFeatureValue@00125de4:jump-table@00108416:id=25	direction=high;packing=high;handler-schema=medium;panel=unknown
26	get	packed_feature:u32=(display_id<<12)|base_id; base_id=packed&0xfff; display_id=packed>>12 | get out:std::vector<u32>* -> GetDisplayPanelRoundCorner	packed display id decoded; no range check recovered; per-handler panel enforcement unknown	project:i30-dpf-live:/dpf-live-b244b0bb-service:getDisplayPanelFeatureValue@00125de4:jump-table@00108418:id=26	direction=high;packing=high;handler-schema=medium;panel=unknown
27	both	packed_feature:u32=(display_id<<12)|base_id; base_id=packed&0xfff; display_id=packed>>12 | set values:u32* count:u32 count>=1 -> SetDisplayPanelDOC; first-value/pointer | get out:std::vector<u32>* -> GetDisplayPanelDOC	packed display id decoded; no range check recovered; per-handler panel enforcement unknown	project:i30-dpf-live:/dpf-live-b244b0bb-service:setDisplayPanelFeatureValue@001253cc:jump-table@00108208:id=27;project:i30-dpf-live:/dpf-live-b244b0bb-service:getDisplayPanelFeatureValue@00125de4:jump-table@0010841a:id=27	direction=high;packing=high;handler-schema=medium;panel=unknown
28	set	packed_feature:u32=(display_id<<12)|base_id; base_id=packed&0xfff; display_id=packed>>12 | set values:u32* count:u32 count>=1 -> SetDisplayPanelFPPress; first-value/pointer	packed display id decoded; no range check recovered; per-handler panel enforcement unknown	project:i30-dpf-live:/dpf-live-b244b0bb-service:setDisplayPanelFeatureValue@001253cc:jump-table@0010820a:id=28	direction=high;packing=high;handler-schema=medium;panel=unknown
29	both	packed_feature:u32=(display_id<<12)|base_id; base_id=packed&0xfff; display_id=packed>>12 | set values:u32* count:u32 count>=1 -> SetDisplayPanelOBrightness; first-value/pointer | get out:std::vector<u32>* -> GetDisplayPanelOBrightness	packed display id decoded; no range check recovered; per-handler panel enforcement unknown	project:i30-dpf-live:/dpf-live-b244b0bb-service:setDisplayPanelFeatureValue@001253cc:jump-table@0010820c:id=29;project:i30-dpf-live:/dpf-live-b244b0bb-service:getDisplayPanelFeatureValue@00125de4:jump-table@0010841e:id=29	direction=high;packing=high;handler-schema=medium;panel=unknown
30	get	packed_feature:u32=(display_id<<12)|base_id; base_id=packed&0xfff; display_id=packed>>12 | get out:std::vector<u32>* -> GetDisplayPanelMaxBrightness	packed display id decoded; no range check recovered; per-handler panel enforcement unknown	project:i30-dpf-live:/dpf-live-b244b0bb-service:getDisplayPanelFeatureValue@00125de4:jump-table@00108420:id=30	direction=high;packing=high;handler-schema=medium;panel=unknown
32	both	packed_feature:u32=(display_id<<12)|base_id; base_id=packed&0xfff; display_id=packed>>12 | set values:u32* count:u32 count>=1 -> SetDisplayPanelrRoundCorner; count-forwarded | get out:std::vector<u32>* -> GetDisplayPanelrRoundCorner	packed display id decoded; no range check recovered; per-handler panel enforcement unknown	project:i30-dpf-live:/dpf-live-b244b0bb-service:setDisplayPanelFeatureValue@001253cc:jump-table@00108212:id=32;project:i30-dpf-live:/dpf-live-b244b0bb-service:getDisplayPanelFeatureValue@00125de4:jump-table@00108424:id=32	direction=high;packing=high;handler-schema=medium;panel=unknown
33	get	packed_feature:u32=(display_id<<12)|base_id; base_id=packed&0xfff; display_id=packed>>12 | get out:std::vector<u32>* -> GetDisplayPanelLcdMaxBrightness	packed display id decoded; no range check recovered; per-handler panel enforcement unknown	project:i30-dpf-live:/dpf-live-b244b0bb-service:getDisplayPanelFeatureValue@00125de4:jump-table@00108426:id=33	direction=high;packing=high;handler-schema=medium;panel=unknown
34	get	packed_feature:u32=(display_id<<12)|base_id; base_id=packed&0xfff; display_id=packed>>12 | get out:std::vector<u32>* -> GetDisplayPanelStage	packed display id decoded; no range check recovered; per-handler panel enforcement unknown	project:i30-dpf-live:/dpf-live-b244b0bb-service:getDisplayPanelFeatureValue@00125de4:jump-table@00108428:id=34	direction=high;packing=high;handler-schema=medium;panel=unknown
35	set	packed_feature:u32=(display_id<<12)|base_id; base_id=packed&0xfff; display_id=packed>>12 | set values:u32* count:u32 count>=1 -> SetPQModeStatus; count-forwarded	packed display id decoded; no range check recovered; per-handler panel enforcement unknown	project:i30-dpf-live:/dpf-live-b244b0bb-service:setDisplayPanelFeatureValue@001253cc:jump-table@00108218:id=35	direction=high;packing=high;handler-schema=medium;panel=unknown
65	set	packed_feature:u32=(display_id<<12)|base_id; base_id=packed&0xfff; display_id=packed>>12 | set values:u32* count:u32 count>=1 -> SetDisplayKernelLogLevel; first-value/pointer	packed display id decoded; no range check recovered; per-handler panel enforcement unknown	project:i30-dpf-live:/dpf-live-b244b0bb-service:setDisplayPanelFeatureValue@001253cc:jump-table@00108254:id=65	direction=high;packing=high;handler-schema=medium;panel=unknown
66	set	packed_feature:u32=(display_id<<12)|base_id; base_id=packed&0xfff; display_id=packed>>12 | set values:u32* count:u32 count>=1 -> setDisplayHwcLogEnable; first-value/pointer	packed display id decoded; no range check recovered; per-handler panel enforcement unknown	project:i30-dpf-live:/dpf-live-b244b0bb-service:setDisplayPanelFeatureValue@001253cc:jump-table@00108256:id=66	direction=high;packing=high;handler-schema=medium;panel=unknown
67	both	packed_feature:u32=(display_id<<12)|base_id; base_id=packed&0xfff; display_id=packed>>12 | set values:u32* count:u32 count>=1 -> SetDisplayKernelLogSwitch; first-value/pointer | get out:std::vector<u32>* -> GetDisplayKernelLogSwitch	packed display id decoded; no range check recovered; per-handler panel enforcement unknown	project:i30-dpf-live:/dpf-live-b244b0bb-service:setDisplayPanelFeatureValue@001253cc:jump-table@00108258:id=67;project:i30-dpf-live:/dpf-live-b244b0bb-service:getDisplayPanelFeatureValue@00125de4:jump-table@0010846a:id=67	direction=high;packing=high;handler-schema=medium;panel=unknown
68	both	packed_feature:u32=(display_id<<12)|base_id; base_id=packed&0xfff; display_id=packed>>12 | set values:u32* count:u32 count>=1 -> SetDisplayPqTrigger; first-value/pointer | get out:std::vector<u32>* -> GetDisplayPqTrigger	packed display id decoded; no range check recovered; per-handler panel enforcement unknown	project:i30-dpf-live:/dpf-live-b244b0bb-service:setDisplayPanelFeatureValue@001253cc:jump-table@0010825a:id=68;project:i30-dpf-live:/dpf-live-b244b0bb-service:getDisplayPanelFeatureValue@00125de4:jump-table@0010846c:id=68	direction=high;packing=high;handler-schema=medium;panel=unknown
69	get	packed_feature:u32=(display_id<<12)|base_id; base_id=packed&0xfff; display_id=packed>>12 | get out:std::vector<u32>* -> GetDisplayPanelBpp	packed display id decoded; no range check recovered; per-handler panel enforcement unknown	project:i30-dpf-live:/dpf-live-b244b0bb-service:getDisplayPanelFeatureValue@00125de4:jump-table@0010846e:id=69	direction=high;packing=high;handler-schema=medium;panel=unknown
80	set	packed_feature:u32=(display_id<<12)|base_id; base_id=packed&0xfff; display_id=packed>>12 | set values:u32* count:u32 count>=1 -> SetSVIAction; first-value/pointer	packed display id decoded; no range check recovered; per-handler panel enforcement unknown	project:i30-dpf-live:/dpf-live-b244b0bb-service:setDisplayPanelFeatureValue@001253cc:jump-table@00108272:id=80	direction=high;packing=high;handler-schema=medium;panel=unknown
81	set	packed_feature:u32=(display_id<<12)|base_id; base_id=packed&0xfff; display_id=packed>>12 | set values:u32* count:u32 count>=1 -> SetADorLTM; first-value/pointer	packed display id decoded; no range check recovered; per-handler panel enforcement unknown	project:i30-dpf-live:/dpf-live-b244b0bb-service:setDisplayPanelFeatureValue@001253cc:jump-table@00108274:id=81	direction=high;packing=high;handler-schema=medium;panel=unknown
177	set	packed_feature:u32=(display_id<<12)|base_id; base_id=packed&0xfff; display_id=packed>>12 | set values:u32* count:u32 count>=1 -> SetDisplayPanelApolloBL; count-forwarded	packed display id decoded; no range check recovered; per-handler panel enforcement unknown	project:i30-dpf-live:/dpf-live-b244b0bb-service:setDisplayPanelFeatureValue@001253cc:jump-table@00108334:id=177	direction=high;packing=high;handler-schema=medium;panel=unknown
179	get	packed_feature:u32=(display_id<<12)|base_id; base_id=packed&0xfff; display_id=packed>>12 | get out:std::vector<u32>* -> GetDisplayPanelSoftIrisColor	packed display id decoded; no range check recovered; per-handler panel enforcement unknown	project:i30-dpf-live:/dpf-live-b244b0bb-service:getDisplayPanelFeatureValue@00125de4:jump-table@0010854a:id=179	direction=high;packing=high;handler-schema=medium;panel=unknown
182	both	packed_feature:u32=(display_id<<12)|base_id; base_id=packed&0xfff; display_id=packed>>12 | set values:u32* count:u32 count>=1 -> SetCwbPostProcessStatus; first-value/pointer | get out:std::vector<u32>* -> GetCwbPostProcessStatus	packed display id decoded; no range check recovered; per-handler panel enforcement unknown	project:i30-dpf-live:/dpf-live-b244b0bb-service:setDisplayPanelFeatureValue@001253cc:jump-table@0010833e:id=182;project:i30-dpf-live:/dpf-live-b244b0bb-service:getDisplayPanelFeatureValue@00125de4:jump-table@00108550:id=182	direction=high;packing=high;handler-schema=medium;panel=unknown
183	get	packed_feature:u32=(display_id<<12)|base_id; base_id=packed&0xfff; display_id=packed>>12 | get out:std::vector<u32>* -> GetDPDisplaySupport	packed display id decoded; no range check recovered; per-handler panel enforcement unknown	project:i30-dpf-live:/dpf-live-b244b0bb-service:getDisplayPanelFeatureValue@00125de4:jump-table@00108552:id=183	direction=high;packing=high;handler-schema=medium;panel=unknown
184	both	packed_feature:u32=(display_id<<12)|base_id; base_id=packed&0xfff; display_id=packed>>12 | set values:u32* count:u32 count>=1 -> SetDisplayPanelCabcStatus; first-value/pointer | get out:std::vector<u32>* -> GetDisplayPanelCabcStatus	packed display id decoded; no range check recovered; per-handler panel enforcement unknown	project:i30-dpf-live:/dpf-live-b244b0bb-service:setDisplayPanelFeatureValue@001253cc:jump-table@00108342:id=184;project:i30-dpf-live:/dpf-live-b244b0bb-service:getDisplayPanelFeatureValue@00125de4:jump-table@00108554:id=184	direction=high;packing=high;handler-schema=medium;panel=unknown
185	both	packed_feature:u32=(display_id<<12)|base_id; base_id=packed&0xfff; display_id=packed>>12 | set values:u32* count:u32 count>=1 -> SetDisplayPanelDreStatus; first-value/pointer | get out:std::vector<u32>* -> GetDisplayPanelDreStatus	packed display id decoded; no range check recovered; per-handler panel enforcement unknown	project:i30-dpf-live:/dpf-live-b244b0bb-service:setDisplayPanelFeatureValue@001253cc:jump-table@00108344:id=185;project:i30-dpf-live:/dpf-live-b244b0bb-service:getDisplayPanelFeatureValue@00125de4:jump-table@00108556:id=185	direction=high;packing=high;handler-schema=medium;panel=unknown
186	set	packed_feature:u32=(display_id<<12)|base_id; base_id=packed&0xfff; display_id=packed>>12 | set values:u32* count:u32 count>=1 -> SetCwbEnbale; first-value/pointer	packed display id decoded; no range check recovered; per-handler panel enforcement unknown	project:i30-dpf-live:/dpf-live-b244b0bb-service:setDisplayPanelFeatureValue@001253cc:jump-table@00108346:id=186	direction=high;packing=high;handler-schema=medium;panel=unknown
192	set	packed_feature:u32=(display_id<<12)|base_id; base_id=packed&0xfff; display_id=packed>>12 | set values:u32* count:u32 count>=1 -> SetDisplayPanelAodArea; count-forwarded	packed display id decoded; no range check recovered; per-handler panel enforcement unknown	project:i30-dpf-live:/dpf-live-b244b0bb-service:setDisplayPanelFeatureValue@001253cc:jump-table@00108352:id=192	direction=high;packing=high;handler-schema=medium;panel=unknown
193	both	packed_feature:u32=(display_id<<12)|base_id; base_id=packed&0xfff; display_id=packed>>12 | set values:u32* count:u32 count>=1 -> SetDisplayPanelVideo; first-value/pointer | get out:std::vector<u32>* -> GetDisplayPanelVideo	packed display id decoded; no range check recovered; per-handler panel enforcement unknown	project:i30-dpf-live:/dpf-live-b244b0bb-service:setDisplayPanelFeatureValue@001253cc:jump-table@00108354:id=193;project:i30-dpf-live:/dpf-live-b244b0bb-service:getDisplayPanelFeatureValue@00125de4:jump-table@00108566:id=193	direction=high;packing=high;handler-schema=medium;panel=unknown
194	both	packed_feature:u32=(display_id<<12)|base_id; base_id=packed&0xfff; display_id=packed>>12 | set values:u32* count:u32 count>=1 -> SetDisplayDynamicTE; first-value/pointer | get out:std::vector<u32>* -> GetDisplayDynamicTE	packed display id decoded; no range check recovered; per-handler panel enforcement unknown	project:i30-dpf-live:/dpf-live-b244b0bb-service:setDisplayPanelFeatureValue@001253cc:jump-table@00108356:id=194;project:i30-dpf-live:/dpf-live-b244b0bb-service:getDisplayPanelFeatureValue@00125de4:jump-table@00108568:id=194	direction=high;packing=high;handler-schema=medium;panel=unknown
195	both	packed_feature:u32=(display_id<<12)|base_id; base_id=packed&0xfff; display_id=packed>>12 | set values:u32* count:u32 count>=1 -> SetDisplayUltraLowPowerAOD; first-value/pointer | get out:std::vector<u32>* -> GetDisplayUltraLowPowerAOD	packed display id decoded; no range check recovered; per-handler panel enforcement unknown	project:i30-dpf-live:/dpf-live-b244b0bb-service:setDisplayPanelFeatureValue@001253cc:jump-table@00108358:id=195;project:i30-dpf-live:/dpf-live-b244b0bb-service:getDisplayPanelFeatureValue@00125de4:jump-table@0010856a:id=195	direction=high;packing=high;handler-schema=medium;panel=unknown
197	set	packed_feature:u32=(display_id<<12)|base_id; base_id=packed&0xfff; display_id=packed>>12 | set values:u32* count:u32 count>=1 -> SetDisplayPanel_DC_real_brightness; first-value/pointer	packed display id decoded; no range check recovered; per-handler panel enforcement unknown	project:i30-dpf-live:/dpf-live-b244b0bb-service:setDisplayPanelFeatureValue@001253cc:jump-table@0010835c:id=197	direction=high;packing=high;handler-schema=medium;panel=unknown
198	get	packed_feature:u32=(display_id<<12)|base_id; base_id=packed&0xfff; display_id=packed>>12 | get out:std::vector<u32>* -> GetDisplay_Iris_loopback_status	packed display id decoded; no range check recovered; per-handler panel enforcement unknown	project:i30-dpf-live:/dpf-live-b244b0bb-service:getDisplayPanelFeatureValue@00125de4:jump-table@00108570:id=198	direction=high;packing=high;handler-schema=medium;panel=unknown
199	both	packed_feature:u32=(display_id<<12)|base_id; base_id=packed&0xfff; display_id=packed>>12 | set values:u32* count:u32 count>=1 -> SetDisplayPanelPWMTurbo; first-value/pointer | get out:std::vector<u32>* -> GetDisplayPanelPWMTurbo	packed display id decoded; no range check recovered; per-handler panel enforcement unknown	project:i30-dpf-live:/dpf-live-b244b0bb-service:setDisplayPanelFeatureValue@001253cc:jump-table@00108360:id=199;project:i30-dpf-live:/dpf-live-b244b0bb-service:getDisplayPanelFeatureValue@00125de4:jump-table@00108572:id=199	direction=high;packing=high;handler-schema=medium;panel=unknown
200	get	packed_feature:u32=(display_id<<12)|base_id; base_id=packed&0xfff; display_id=packed>>12 | get out:std::vector<u32>* -> GetDisplayPanelPWMTurboFor90hz	packed display id decoded; no range check recovered; per-handler panel enforcement unknown	project:i30-dpf-live:/dpf-live-b244b0bb-service:getDisplayPanelFeatureValue@00125de4:jump-table@00108574:id=200	direction=high;packing=high;handler-schema=medium;panel=unknown
201	both	packed_feature:u32=(display_id<<12)|base_id; base_id=packed&0xfff; display_id=packed>>12 | set values:u32* count:u32 count>=1 -> SetDisplayPanelPWMPulse; first-value/pointer | get out:std::vector<u32>* -> GetDisplayPanelPWMPulse	packed display id decoded; no range check recovered; per-handler panel enforcement unknown	project:i30-dpf-live:/dpf-live-b244b0bb-service:setDisplayPanelFeatureValue@001253cc:jump-table@00108364:id=201;project:i30-dpf-live:/dpf-live-b244b0bb-service:getDisplayPanelFeatureValue@00125de4:jump-table@00108576:id=201	direction=high;packing=high;handler-schema=medium;panel=unknown
209	set	packed_feature:u32=(display_id<<12)|base_id; base_id=packed&0xfff; display_id=packed>>12 | set values:u32* count:u32 count>=1 -> shared-control-flow; first-value/pointer	packed display id decoded; no range check recovered; per-handler panel enforcement unknown	project:i30-dpf-live:/dpf-live-b244b0bb-service:setDisplayPanelFeatureValue@001253cc:jump-table@00108374:id=209	direction=high;packing=high;handler-schema=medium;panel=unknown
210	set	packed_feature:u32=(display_id<<12)|base_id; base_id=packed&0xfff; display_id=packed>>12 | set values:u32* count:u32 count>=1 -> SetDisplayShutdownFlag; first-value/pointer	packed display id decoded; no range check recovered; per-handler panel enforcement unknown	project:i30-dpf-live:/dpf-live-b244b0bb-service:setDisplayPanelFeatureValue@001253cc:jump-table@00108376:id=210	direction=high;packing=high;handler-schema=medium;panel=unknown
211	both	packed_feature:u32=(display_id<<12)|base_id; base_id=packed&0xfff; display_id=packed>>12 | set values:u32* count:u32 count>=1 -> SetDisplayFpType; first-value/pointer | get out:std::vector<u32>* -> GetDisplayFpType	packed display id decoded; no range check recovered; per-handler panel enforcement unknown	project:i30-dpf-live:/dpf-live-b244b0bb-service:setDisplayPanelFeatureValue@001253cc:jump-table@00108378:id=211;project:i30-dpf-live:/dpf-live-b244b0bb-service:getDisplayPanelFeatureValue@00125de4:jump-table@0010858a:id=211	direction=high;packing=high;handler-schema=medium;panel=unknown
212	get	packed_feature:u32=(display_id<<12)|base_id; base_id=packed&0xfff; display_id=packed>>12 | get out:std::vector<u32>* -> GetCwbSupportStatus	packed display id decoded; no range check recovered; per-handler panel enforcement unknown	project:i30-dpf-live:/dpf-live-b244b0bb-service:getDisplayPanelFeatureValue@00125de4:jump-table@0010858c:id=212	direction=high;packing=high;handler-schema=medium;panel=unknown
213	both	packed_feature:u32=(display_id<<12)|base_id; base_id=packed&0xfff; display_id=packed>>12 | set values:u32* count:u32 count>=1 -> SetDisplayFakeAOD; first-value/pointer | get out:std::vector<u32>* -> GetDisplayFakeAOD	packed display id decoded; no range check recovered; per-handler panel enforcement unknown	project:i30-dpf-live:/dpf-live-b244b0bb-service:setDisplayPanelFeatureValue@001253cc:jump-table@0010837c:id=213;project:i30-dpf-live:/dpf-live-b244b0bb-service:getDisplayPanelFeatureValue@00125de4:jump-table@0010858e:id=213	direction=high;packing=high;handler-schema=medium;panel=unknown
214	get	packed_feature:u32=(display_id<<12)|base_id; base_id=packed&0xfff; display_id=packed>>12 | get out:std::vector<u32>* -> GetDisplayPanelType	packed display id decoded; no range check recovered; per-handler panel enforcement unknown	project:i30-dpf-live:/dpf-live-b244b0bb-service:getDisplayPanelFeatureValue@00125de4:jump-table@00108590:id=214	direction=high;packing=high;handler-schema=medium;panel=unknown
215	set	packed_feature:u32=(display_id<<12)|base_id; base_id=packed&0xfff; display_id=packed>>12 | set values:u32* count:u32 count>=1 -> setDisplayHwcFrameDump; first-value/pointer	packed display id decoded; no range check recovered; per-handler panel enforcement unknown	project:i30-dpf-live:/dpf-live-b244b0bb-service:setDisplayPanelFeatureValue@001253cc:jump-table@00108380:id=215	direction=high;packing=high;handler-schema=medium;panel=unknown
216	both	packed_feature:u32=(display_id<<12)|base_id; base_id=packed&0xfff; display_id=packed>>12 | set values:u32* count:u32 count>=1 -> SetDisplayPanelHbmMax; first-value/pointer | get out:std::vector<u32>* -> GetDisplayPanelHbmMax	packed display id decoded; no range check recovered; per-handler panel enforcement unknown	project:i30-dpf-live:/dpf-live-b244b0bb-service:setDisplayPanelFeatureValue@001253cc:jump-table@00108382:id=216;project:i30-dpf-live:/dpf-live-b244b0bb-service:getDisplayPanelFeatureValue@00125de4:jump-table@00108594:id=216	direction=high;packing=high;handler-schema=medium;panel=unknown
217	both	packed_feature:u32=(display_id<<12)|base_id; base_id=packed&0xfff; display_id=packed>>12 | set values:u32* count:u32 count>=1 -> SetDisplayLongruiAOD; first-value/pointer | get out:std::vector<u32>* -> GetDisplayLongruiAOD	packed display id decoded; no range check recovered; per-handler panel enforcement unknown	project:i30-dpf-live:/dpf-live-b244b0bb-service:setDisplayPanelFeatureValue@001253cc:jump-table@00108384:id=217;project:i30-dpf-live:/dpf-live-b244b0bb-service:getDisplayPanelFeatureValue@00125de4:jump-table@00108596:id=217	direction=high;packing=high;handler-schema=medium;panel=unknown
218	both	packed_feature:u32=(display_id<<12)|base_id; base_id=packed&0xfff; display_id=packed>>12 | set values:u32* count:u32 count>=1 -> SetDisplayPanelMipiErrCheck; first-value/pointer | get out:std::vector<u32>* -> GetDisplayPanelMipiErrCheck	packed display id decoded; no range check recovered; per-handler panel enforcement unknown	project:i30-dpf-live:/dpf-live-b244b0bb-service:setDisplayPanelFeatureValue@001253cc:jump-table@00108386:id=218;project:i30-dpf-live:/dpf-live-b244b0bb-service:getDisplayPanelFeatureValue@00125de4:jump-table@00108598:id=218	direction=high;packing=high;handler-schema=medium;panel=unknown
219	set	packed_feature:u32=(display_id<<12)|base_id; base_id=packed&0xfff; display_id=packed>>12 | set values:u32* count:u32 count>=1 -> SetDisplayPanelCompensate; first-value/pointer	packed display id decoded; no range check recovered; per-handler panel enforcement unknown	project:i30-dpf-live:/dpf-live-b244b0bb-service:setDisplayPanelFeatureValue@001253cc:jump-table@00108388:id=219	direction=high;packing=high;handler-schema=medium;panel=unknown
220	set	packed_feature:u32=(display_id<<12)|base_id; base_id=packed&0xfff; display_id=packed>>12 | set values:u32* count:u32 count>=1 -> SetCompensateMonth; count-forwarded	packed display id decoded; no range check recovered; per-handler panel enforcement unknown	project:i30-dpf-live:/dpf-live-b244b0bb-service:setDisplayPanelFeatureValue@001253cc:jump-table@0010838a:id=220	direction=high;packing=high;handler-schema=medium;panel=unknown
221	both	packed_feature:u32=(display_id<<12)|base_id; base_id=packed&0xfff; display_id=packed>>12 | set values:u32* count:u32 count>=1 -> SetDisplayPanelEsdStatus; first-value/pointer | get out:std::vector<u32>* -> GetDisplayPanelEsdStatus	packed display id decoded; no range check recovered; per-handler panel enforcement unknown	project:i30-dpf-live:/dpf-live-b244b0bb-service:setDisplayPanelFeatureValue@001253cc:jump-table@0010838c:id=221;project:i30-dpf-live:/dpf-live-b244b0bb-service:getDisplayPanelFeatureValue@00125de4:jump-table@0010859e:id=221	direction=high;packing=high;handler-schema=medium;panel=unknown
222	both	packed_feature:u32=(display_id<<12)|base_id; base_id=packed&0xfff; display_id=packed>>12 | set values:u32* count:u32 count>=1 -> SetDisplayPanelCrcCheck; first-value/pointer | get out:std::vector<u32>* -> GetDisplayPanelCrcCheck	packed display id decoded; no range check recovered; per-handler panel enforcement unknown	project:i30-dpf-live:/dpf-live-b244b0bb-service:setDisplayPanelFeatureValue@001253cc:jump-table@0010838e:id=222;project:i30-dpf-live:/dpf-live-b244b0bb-service:getDisplayPanelFeatureValue@00125de4:jump-table@001085a0:id=222	direction=high;packing=high;handler-schema=medium;panel=unknown
225	set	packed_feature:u32=(display_id<<12)|base_id; base_id=packed&0xfff; display_id=packed>>12 | set values:u32* count:u32 count>=1 -> setFossParam; count-forwarded	packed display id decoded; no range check recovered; per-handler panel enforcement unknown	project:i30-dpf-live:/dpf-live-b244b0bb-service:setDisplayPanelFeatureValue@001253cc:jump-table@00108394:id=225	direction=high;packing=high;handler-schema=medium;panel=unknown
226	set	packed_feature:u32=(display_id<<12)|base_id; base_id=packed&0xfff; display_id=packed>>12 | set values:u32* count:u32 count>=1 -> SetUirEnable; count-forwarded	packed display id decoded; no range check recovered; per-handler panel enforcement unknown	project:i30-dpf-live:/dpf-live-b244b0bb-service:setDisplayPanelFeatureValue@001253cc:jump-table@00108396:id=226	direction=high;packing=high;handler-schema=medium;panel=unknown
227	set	packed_feature:u32=(display_id<<12)|base_id; base_id=packed&0xfff; display_id=packed>>12 | set values:u32* count:u32 count>=1 -> SetUirMode; count-forwarded	packed display id decoded; no range check recovered; per-handler panel enforcement unknown	project:i30-dpf-live:/dpf-live-b244b0bb-service:setDisplayPanelFeatureValue@001253cc:jump-table@00108398:id=227	direction=high;packing=high;handler-schema=medium;panel=unknown
228	set	packed_feature:u32=(display_id<<12)|base_id; base_id=packed&0xfff; display_id=packed>>12 | set values:u32* count:u32 count>=1 -> SetGameDarkEyeProtect; first-value/pointer	packed display id decoded; no range check recovered; per-handler panel enforcement unknown	project:i30-dpf-live:/dpf-live-b244b0bb-service:setDisplayPanelFeatureValue@001253cc:jump-table@0010839a:id=228	direction=high;packing=high;handler-schema=medium;panel=unknown
232	set	packed_feature:u32=(display_id<<12)|base_id; base_id=packed&0xfff; display_id=packed>>12 | set values:u32* count:u32 count>=1 -> setAdfr2MinfpsParam; count-forwarded	packed display id decoded; no range check recovered; per-handler panel enforcement unknown	project:i30-dpf-live:/dpf-live-b244b0bb-service:setDisplayPanelFeatureValue@001253cc:jump-table@001083a2:id=232	direction=high;packing=high;handler-schema=medium;panel=unknown
233	get	packed_feature:u32=(display_id<<12)|base_id; base_id=packed&0xfff; display_id=packed>>12 | get out:std::vector<u32>* -> GetDisplayAdfr2minfpsState	packed display id decoded; no range check recovered; per-handler panel enforcement unknown	project:i30-dpf-live:/dpf-live-b244b0bb-service:getDisplayPanelFeatureValue@00125de4:jump-table@001085b6:id=233	direction=high;packing=high;handler-schema=medium;panel=unknown
234	set	packed_feature:u32=(display_id<<12)|base_id; base_id=packed&0xfff; display_id=packed>>12 | set values:u32* count:u32 count>=1 -> setRusUpdateParam; count-forwarded	packed display id decoded; no range check recovered; per-handler panel enforcement unknown	project:i30-dpf-live:/dpf-live-b244b0bb-service:setDisplayPanelFeatureValue@001253cc:jump-table@001083a6:id=234	direction=high;packing=high;handler-schema=medium;panel=unknown
235	set	packed_feature:u32=(display_id<<12)|base_id; base_id=packed&0xfff; display_id=packed>>12 | set values:u32* count:u32 count>=1 -> setPanelDdicScaleUpSta; first-value/pointer	packed display id decoded; no range check recovered; per-handler panel enforcement unknown	project:i30-dpf-live:/dpf-live-b244b0bb-service:setDisplayPanelFeatureValue@001253cc:jump-table@001083a8:id=235	direction=high;packing=high;handler-schema=medium;panel=unknown
236	set	packed_feature:u32=(display_id<<12)|base_id; base_id=packed&0xfff; display_id=packed>>12 | set values:u32* count:u32 count>=1 -> SetDisplayDemuraRusDbvGain; count-forwarded	packed display id decoded; no range check recovered; per-handler panel enforcement unknown	project:i30-dpf-live:/dpf-live-b244b0bb-service:setDisplayPanelFeatureValue@001253cc:jump-table@001083aa:id=236	direction=high;packing=high;handler-schema=medium;panel=unknown
239	both	packed_feature:u32=(display_id<<12)|base_id; base_id=packed&0xfff; display_id=packed>>12 | set values:u32* count:u32 count>=1 -> shared-control-flow; first-value/pointer | get out:std::vector<u32>* -> GetDisplayDemuraFeature	packed display id decoded; no range check recovered; per-handler panel enforcement unknown	project:i30-dpf-live:/dpf-live-b244b0bb-service:setDisplayPanelFeatureValue@001253cc:jump-table@001083b0:id=239;project:i30-dpf-live:/dpf-live-b244b0bb-service:getDisplayPanelFeatureValue@00125de4:jump-table@001085c2:id=239	direction=high;packing=high;handler-schema=medium;panel=unknown
240	both	packed_feature:u32=(display_id<<12)|base_id; base_id=packed&0xfff; display_id=packed>>12 | set values:u32* count:u32 count>=1 -> shared-control-flow; first-value/pointer | get out:std::vector<u32>* -> GetDisplayDemuraInit	packed display id decoded; no range check recovered; per-handler panel enforcement unknown	project:i30-dpf-live:/dpf-live-b244b0bb-service:setDisplayPanelFeatureValue@001253cc:jump-table@001083b2:id=240;project:i30-dpf-live:/dpf-live-b244b0bb-service:getDisplayPanelFeatureValue@00125de4:jump-table@001085c4:id=240	direction=high;packing=high;handler-schema=medium;panel=unknown
241	both	packed_feature:u32=(display_id<<12)|base_id; base_id=packed&0xfff; display_id=packed>>12 | set values:u32* count:u32 count>=1 -> SetDisplayDemuraState; first-value/pointer | get out:std::vector<u32>* -> GetDisplayDemuraState	packed display id decoded; no range check recovered; per-handler panel enforcement unknown	project:i30-dpf-live:/dpf-live-b244b0bb-service:setDisplayPanelFeatureValue@001253cc:jump-table@001083b4:id=241;project:i30-dpf-live:/dpf-live-b244b0bb-service:getDisplayPanelFeatureValue@00125de4:jump-table@001085c6:id=241	direction=high;packing=high;handler-schema=medium;panel=unknown
242	both	packed_feature:u32=(display_id<<12)|base_id; base_id=packed&0xfff; display_id=packed>>12 | set values:u32* count:u32 count>=1 -> SetDisplayDemuraConfig; first-value/pointer | get out:std::vector<u32>* -> GetDisplayDemuraConfig	packed display id decoded; no range check recovered; per-handler panel enforcement unknown	project:i30-dpf-live:/dpf-live-b244b0bb-service:setDisplayPanelFeatureValue@001253cc:jump-table@001083b6:id=242;project:i30-dpf-live:/dpf-live-b244b0bb-service:getDisplayPanelFeatureValue@00125de4:jump-table@001085c8:id=242	direction=high;packing=high;handler-schema=medium;panel=unknown
243	both	packed_feature:u32=(display_id<<12)|base_id; base_id=packed&0xfff; display_id=packed>>12 | set values:u32* count:u32 count>=1 -> SetDisplayDemuraBinsNull; first-value/pointer | get out:std::vector<u32>* -> GetDisplayDemuraBinsNull	packed display id decoded; no range check recovered; per-handler panel enforcement unknown	project:i30-dpf-live:/dpf-live-b244b0bb-service:setDisplayPanelFeatureValue@001253cc:jump-table@001083b8:id=243;project:i30-dpf-live:/dpf-live-b244b0bb-service:getDisplayPanelFeatureValue@00125de4:jump-table@001085ca:id=243	direction=high;packing=high;handler-schema=medium;panel=unknown
245	set	packed_feature:u32=(display_id<<12)|base_id; base_id=packed&0xfff; display_id=packed>>12 | set values:u32* count:u32 count>=1 -> setAutoBrightnessStatus; count-forwarded	packed display id decoded; no range check recovered; per-handler panel enforcement unknown	project:i30-dpf-live:/dpf-live-b244b0bb-service:setDisplayPanelFeatureValue@001253cc:jump-table@001083bc:id=245	direction=high;packing=high;handler-schema=medium;panel=unknown
246	both	packed_feature:u32=(display_id<<12)|base_id; base_id=packed&0xfff; display_id=packed>>12 | set values:u32* count:u32 count>=1 -> SetDisplayAeevFatalUnderrun; first-value/pointer | get out:std::vector<u32>* -> GetDisplayAeevFatalUnderrun	packed display id decoded; no range check recovered; per-handler panel enforcement unknown	project:i30-dpf-live:/dpf-live-b244b0bb-service:setDisplayPanelFeatureValue@001253cc:jump-table@001083be:id=246;project:i30-dpf-live:/dpf-live-b244b0bb-service:getDisplayPanelFeatureValue@00125de4:jump-table@001085d0:id=246	direction=high;packing=high;handler-schema=medium;panel=unknown
247	set	packed_feature:u32=(display_id<<12)|base_id; base_id=packed&0xfff; display_id=packed>>12 | set values:u32* count:u32 count>=1 -> shared-control-flow; first-value/pointer	packed display id decoded; no range check recovered; per-handler panel enforcement unknown	project:i30-dpf-live:/dpf-live-b244b0bb-service:setDisplayPanelFeatureValue@001253cc:jump-table@001083c0:id=247	direction=high;packing=high;handler-schema=medium;panel=unknown
249	set	packed_feature:u32=(display_id<<12)|base_id; base_id=packed&0xfff; display_id=packed>>12 | set values:u32* count:u32 count>=1 -> SetReduceWhitePointStatus; first-value/pointer	packed display id decoded; no range check recovered; per-handler panel enforcement unknown	project:i30-dpf-live:/dpf-live-b244b0bb-service:setDisplayPanelFeatureValue@001253cc:jump-table@001083c4:id=249	direction=high;packing=high;handler-schema=medium;panel=unknown
250	get	packed_feature:u32=(display_id<<12)|base_id; base_id=packed&0xfff; display_id=packed>>12 | get out:std::vector<u32>* -> GetDisplayPanelIgnoreMode	packed display id decoded; no range check recovered; per-handler panel enforcement unknown	project:i30-dpf-live:/dpf-live-b244b0bb-service:getDisplayPanelFeatureValue@00125de4:jump-table@001085d8:id=250	direction=high;packing=high;handler-schema=medium;panel=unknown
252	set	packed_feature:u32=(display_id<<12)|base_id; base_id=packed&0xfff; display_id=packed>>12 | set values:u32* count:u32 count>=1 -> SetDMREnable; count-forwarded	packed display id decoded; no range check recovered; per-handler panel enforcement unknown	project:i30-dpf-live:/dpf-live-b244b0bb-service:setDisplayPanelFeatureValue@001253cc:jump-table@001083ca:id=252	direction=high;packing=high;handler-schema=medium;panel=unknown
253	set	packed_feature:u32=(display_id<<12)|base_id; base_id=packed&0xfff; display_id=packed>>12 | set values:u32* count:u32 count>=1 -> inline-state; first-value/pointer	packed display id decoded; no range check recovered; per-handler panel enforcement unknown	project:i30-dpf-live:/dpf-live-b244b0bb-service:setDisplayPanelFeatureValue@001253cc:jump-table@001083cc:id=253	direction=high;packing=high;handler-schema=medium;panel=unknown
254	set	packed_feature:u32=(display_id<<12)|base_id; base_id=packed&0xfff; display_id=packed>>12 | set values:u32* count:u32 count>=1 -> SetDisplayPanelFCDMRSN; first-value/pointer	packed display id decoded; no range check recovered; per-handler panel enforcement unknown	project:i30-dpf-live:/dpf-live-b244b0bb-service:setDisplayPanelFeatureValue@001253cc:jump-table@001083ce:id=254	direction=high;packing=high;handler-schema=medium;panel=unknown
255	set	packed_feature:u32=(display_id<<12)|base_id; base_id=packed&0xfff; display_id=packed>>12 | set values:u32* count:u32 count>=1 -> SetDsrState; first-value/pointer	packed display id decoded; no range check recovered; per-handler panel enforcement unknown	project:i30-dpf-live:/dpf-live-b244b0bb-service:setDisplayPanelFeatureValue@001253cc:jump-table@001083d0:id=255	direction=high;packing=high;handler-schema=medium;panel=unknown
256	set	packed_feature:u32=(display_id<<12)|base_id; base_id=packed&0xfff; display_id=packed>>12 | set values:u32* count:u32 count>=1 -> SetCountingEnable; count-forwarded	packed display id decoded; no range check recovered; per-handler panel enforcement unknown	project:i30-dpf-live:/dpf-live-b244b0bb-service:setDisplayPanelFeatureValue@001253cc:jump-table@001083d2:id=256	direction=high;packing=high;handler-schema=medium;panel=unknown
257	set	packed_feature:u32=(display_id<<12)|base_id; base_id=packed&0xfff; display_id=packed>>12 | set values:u32* count:u32 count>=1 -> shared-control-flow; first-value/pointer	packed display id decoded; no range check recovered; per-handler panel enforcement unknown	project:i30-dpf-live:/dpf-live-b244b0bb-service:setDisplayPanelFeatureValue@001253cc:jump-table@001083d4:id=257	direction=high;packing=high;handler-schema=medium;panel=unknown
258	set	packed_feature:u32=(display_id<<12)|base_id; base_id=packed&0xfff; display_id=packed>>12 | set values:u32* count:u32 count>=1 -> SetCountingFreq; count-forwarded	packed display id decoded; no range check recovered; per-handler panel enforcement unknown	project:i30-dpf-live:/dpf-live-b244b0bb-service:setDisplayPanelFeatureValue@001253cc:jump-table@001083d6:id=258	direction=high;packing=high;handler-schema=medium;panel=unknown
259	get	packed_feature:u32=(display_id<<12)|base_id; base_id=packed&0xfff; display_id=packed>>12 | get out:std::vector<u32>* -> GetCwbRgbValue	packed display id decoded; no range check recovered; per-handler panel enforcement unknown	project:i30-dpf-live:/dpf-live-b244b0bb-service:getDisplayPanelFeatureValue@00125de4:jump-table@001085ea:id=259	direction=high;packing=high;handler-schema=medium;panel=unknown
260	both	packed_feature:u32=(display_id<<12)|base_id; base_id=packed&0xfff; display_id=packed>>12 | set values:u32* count:u32 count>=1 -> SetDynamicFloatTE; first-value/pointer | get out:std::vector<u32>* -> GetDynamicFloatTE	packed display id decoded; no range check recovered; per-handler panel enforcement unknown	project:i30-dpf-live:/dpf-live-b244b0bb-service:setDisplayPanelFeatureValue@001253cc:jump-table@001083da:id=260;project:i30-dpf-live:/dpf-live-b244b0bb-service:getDisplayPanelFeatureValue@00125de4:jump-table@001085ec:id=260	direction=high;packing=high;handler-schema=medium;panel=unknown
261	set	packed_feature:u32=(display_id<<12)|base_id; base_id=packed&0xfff; display_id=packed>>12 | set values:u32* count:u32 count>=1 -> SetPrintXlog; first-value/pointer	packed display id decoded; no range check recovered; per-handler panel enforcement unknown	project:i30-dpf-live:/dpf-live-b244b0bb-service:setDisplayPanelFeatureValue@001253cc:jump-table@001083dc:id=261	direction=high;packing=high;handler-schema=medium;panel=unknown
263	both	packed_feature:u32=(display_id<<12)|base_id; base_id=packed&0xfff; display_id=packed>>12 | set values:u32* count:u32 count>=1 -> SetDisplayLowPwmAOD; first-value/pointer | get out:std::vector<u32>* -> GetDisplayLowPwmAOD	packed display id decoded; no range check recovered; per-handler panel enforcement unknown	project:i30-dpf-live:/dpf-live-b244b0bb-service:setDisplayPanelFeatureValue@001253cc:jump-table@001083e0:id=263;project:i30-dpf-live:/dpf-live-b244b0bb-service:getDisplayPanelFeatureValue@00125de4:jump-table@001085f2:id=263	direction=high;packing=high;handler-schema=medium;panel=unknown
264	get	packed_feature:u32=(display_id<<12)|base_id; base_id=packed&0xfff; display_id=packed>>12 | get out:std::vector<u32>* -> GetDisplayPulseState	packed display id decoded; no range check recovered; per-handler panel enforcement unknown	project:i30-dpf-live:/dpf-live-b244b0bb-service:getDisplayPanelFeatureValue@00125de4:jump-table@001085f4:id=264	direction=high;packing=high;handler-schema=medium;panel=unknown
265	set	packed_feature:u32=(display_id<<12)|base_id; base_id=packed&0xfff; display_id=packed>>12 | set values:u32* count:u32 count>=1 -> setPulseParam; count-forwarded	packed display id decoded; no range check recovered; per-handler panel enforcement unknown	project:i30-dpf-live:/dpf-live-b244b0bb-service:setDisplayPanelFeatureValue@001253cc:jump-table@001083e4:id=265	direction=high;packing=high;handler-schema=medium;panel=unknown
